{"cameraMode":{"drawMode":0,"name":"Shaded","section":"Shading Mode"},"sceneLighting":false,"audioPlay":false,"sceneViewState":{"m_AlwaysRefresh":false,"showFog":true,"showSkybox":false,"showFlares":true,"showImageEffects":true,"showParticleSystems":true,"showVisualEffectGraphs":true,"m_FxEnabled":true},"in2DMode":false,"pivot":{"x":-13.896919250488282,"y":-5.145727157592773,"z":1.0507478713989258},"rotation":{"x":0.23470497131347657,"y":-0.6656153202056885,"z":0.23358245193958283,"w":0.6688156723976135},"size":24.117137908935548,"orthographic":false}