{"cameraMode":{"drawMode":0,"name":"Shaded","section":"Shading Mode"},"sceneLighting":true,"audioPlay":false,"sceneViewState":{"m_AlwaysRefresh":false,"showFog":true,"showSkybox":true,"showFlares":true,"showImageEffects":true,"showParticleSystems":true,"showVisualEffectGraphs":true,"m_FxEnabled":true},"in2DMode":false,"pivot":{"x":-0.05920865759253502,"y":0.32916203141212466,"z":1.8120626211166382},"rotation":{"x":0.0011594290845096112,"y":-0.9956085085868836,"z":0.09316989034414292,"w":0.012235964648425579},"size":26.96943473815918,"orthographic":false}