{"cameraMode":{"drawMode":0,"name":"Shaded","section":"Shading Mode"},"sceneLighting":true,"audioPlay":false,"sceneViewState":{"m_AlwaysRefresh":false,"showFog":true,"showSkybox":true,"showFlares":true,"showImageEffects":true,"showParticleSystems":true,"showVisualEffectGraphs":true,"m_FxEnabled":true},"in2DMode":false,"pivot":{"x":25.298690795898439,"y":8.430156707763672,"z":-21.84832763671875},"rotation":{"x":0.06323239207267761,"y":0.8546904921531677,"z":-0.10723105818033219,"w":0.5039989948272705},"size":14.083845138549805,"orthographic":false}