{"cameraMode":{"drawMode":0,"name":"Shaded","section":"Shading Mode"},"sceneLighting":false,"audioPlay":false,"sceneViewState":{"m_AlwaysRefresh":false,"showFog":true,"showSkybox":false,"showFlares":true,"showImageEffects":true,"showParticleSystems":true,"showVisualEffectGraphs":true,"m_FxEnabled":true},"in2DMode":false,"pivot":{"x":0.005279541015625,"y":0.7095296382904053,"z":-0.0977853536605835},"rotation":{"x":0.08688797056674957,"y":-0.0074715446680784229,"z":0.0006516473367810249,"w":0.9961910843849182},"size":1.939874529838562,"orthographic":false}