{"cameraMode":{"drawMode":0,"name":"Shaded","section":"Shading Mode"},"sceneLighting":true,"audioPlay":false,"sceneViewState":{"m_AlwaysRefresh":false,"showFog":true,"showSkybox":false,"showFlares":true,"showImageEffects":true,"showParticleSystems":true,"showVisualEffectGraphs":true,"m_FxEnabled":true},"in2DMode":false,"pivot":{"x":-157.21530151367188,"y":13.330169677734375,"z":-55.25181579589844},"rotation":{"x":0.01830632984638214,"y":0.7039175033569336,"z":0.018175939098000528,"w":-0.7098444104194641},"size":73.01870727539063,"orthographic":false}